Rank,Title,Worldwide,Domestic,% Domestic,Foreign,% Foreign
1,Avengers: Endgame,"$2,797,800,564 ","$858,373,000 ",30.70%,"$1,939,427,564 ",69.30%
2,The Lion King,"$1,656,310,290 ","$543,635,236 ",32.80%,"$1,112,675,054 ",67.20%
3,Spider-Man: Far from Home,"$1,131,927,996 ","$390,532,085 ",34.50%,"$741,395,911 ",65.50%
4,Captain Marvel,"$1,128,274,794 ","$426,829,839 ",37.80%,"$701,444,955 ",62.20%
5,Toy Story 4,"$1,073,392,661 ","$434,036,076 ",40.40%,"$639,356,585 ",59.60%
6,Aladdin,"$1,050,693,953 ","$355,559,216 ",33.80%,"$695,134,737 ",66.20%
7,Joker,"$1,049,054,740 ","$330,654,740 ",31.50%,"$718,400,000 ",68.50%
8,Fast & Furious Presents: Hobbs & Shaw,"$758,910,100 ","$173,810,100 ",22.90%,"$585,100,000 ",77.10%
9,Frozen II,"$745,248,362 ","$292,033,026 ",39.20%,"$453,215,336 ",60.80%
10,Ne Zha,"$700,547,754 ","$3,695,533 ",0.50%,"$696,852,221 ",99.50%
11,The Wandering Earth,"$699,760,773 ","$5,875,487 ",0.80%,"$693,885,286 ",99.20%
12,How to Train Your Dragon: The Hidden World,"$519,896,648 ","$160,799,505 ",30.90%,"$359,097,143 ",69.10%
13,Maleficent: Mistress of Evil,"$480,631,454 ","$111,615,883 ",23.20%,"$369,015,571 ",76.80%
14,It Chapter Two,"$470,289,082 ","$211,589,082 ",45%,"$258,700,000 ",55%
15,Pokémon Detective Pikachu,"$431,705,346 ","$144,105,346 ",33.40%,"$287,600,000 ",66.60%
16,The Secret Life of Pets 2,"$429,434,163 ","$158,257,265 ",36.90%,"$271,176,898 ",63.10%
17,"My People, My Country","$427,475,553 ","$2,356,683 ",0.60%,"$425,118,870 ",99.40%
18,The Captain,"$407,454,130 ","$706,572 ",0.20%,"$406,747,558 ",99.80%
19,Alita: Battle Angel,"$404,852,543 ","$85,710,210 ",21.20%,"$319,142,333 ",78.80%
20,Godzilla: King of the Monsters,"$385,900,138 ","$110,500,138 ",28.60%,"$275,400,000 ",71.40%
21,Once Upon a Time ... in Hollywood,"$371,950,710 ","$140,998,437 ",37.90%,"$230,952,273 ",62.10%
22,Shazam!,"$364,571,656 ","$140,371,656 ",38.50%,"$224,200,000 ",61.50%
23,Dumbo,"$353,284,621 ","$114,766,307 ",32.50%,"$238,518,314 ",67.50%
24,John Wick: Chapter 3 - Parabellum,"$326,685,953 ","$171,015,687 ",52.30%,"$155,670,266 ",47.70%
25,Us,"$255,105,930 ","$175,005,930 ",68.60%,"$80,100,000 ",31.40%
26,Men in Black: International,"$253,890,701 ","$80,001,807 ",31.50%,"$173,888,894 ",68.50%
27,Dark Phoenix,"$252,442,974 ","$65,845,974 ",26.10%,"$186,597,000 ",73.90%
28,Terminator: Dark Fate,"$250,463,963 ","$61,244,526 ",24.50%,"$189,219,437 ",75.50%
29,Glass,"$246,985,576 ","$111,035,005 ",45%,"$135,950,571 ",55%
30,The Bravest,"$238,007,250 ","$290,217 ",0.10%,"$237,717,033 ",99.90%
31,Annabelle Comes Home,"$228,552,591 ","$74,152,591 ",32.40%,"$154,400,000 ",67.60%
32,Better Days,"$220,675,137 ","$1,910,184 ",0.90%,"$218,764,953 ",99.10%
33,Rocketman,"$195,179,299 ","$96,368,160 ",49.40%,"$98,811,139 ",50.60%
34,The Lego Movie 2: The Second Part,"$191,306,508 ","$105,806,508 ",55.30%,"$85,500,000 ",44.70%
35,The White Storm 2: Drug Lords,"$188,092,373 ","$609,461 ",0.30%,"$187,482,912 ",99.70%
36,Downton Abbey,"$185,902,960 ","$96,702,960 ",52%,"$89,200,000 ",48%
37,The Addams Family,"$179,916,048 ","$96,416,048 ",53.60%,"$83,500,000 ",46.40%
38,Abominable,"$175,485,270 ","$60,185,270 ",34.30%,"$115,300,000 ",65.70%
39,Gemini Man,"$172,568,418 ","$48,530,720 ",28.10%,"$124,037,698 ",71.90%
40,Escape Room,"$155,712,077 ","$57,005,601 ",36.60%,"$98,706,476 ",63.40%
41,The Climbers,"$154,262,846 ","$487,157 ",0.30%,"$153,775,689 ",99.70%
42,Yesterday,"$151,286,650 ","$73,286,650 ",48.40%,"$78,000,000 ",51.60%
43,Hustlers,"$150,517,444 ","$104,917,444 ",69.70%,"$45,600,000 ",30.30%
44,The Angry Birds Movie 2,"$146,583,749 ","$41,657,076 ",28.40%,"$104,926,673 ",71.60%
45,Ford v Ferrari,"$144,532,846 ","$81,780,519 ",56.60%,"$62,752,327 ",43.40%
46,Angel Has Fallen,"$133,365,452 ","$69,030,436 ",51.80%,"$64,335,016 ",48.20%
47,Ad Astra,"$127,158,591 ","$50,171,039 ",39.50%,"$76,987,552 ",60.50%
48,The Upside,"$125,852,517 ","$108,252,517 ",86%,"$17,600,000 ",14%
49,Looking Up,"$122,994,583 ","$84,267 ",<0.1%,"$122,910,316 ",99.90%
50,The Curse of La Llorona,"$122,133,739 ","$54,733,739 ",44.80%,"$67,400,000 ",55.20%
51,Extreme Job,"$119,932,733 ","$1,565,885 ",1.30%,"$118,366,848 ",98.70%
52,Wonder Park,"$119,559,110 ","$45,216,793 ",37.80%,"$74,342,317 ",62.20%
53,Dora and the Lost City of Gold,"$118,914,774 ","$60,477,943 ",50.90%,"$58,436,831 ",49.10%
54,P Storm,"$117,991,727 ","$326,711 ",0.30%,"$117,665,016 ",99.70%
55,Zombieland: Double Tap,"$117,744,336 ","$72,244,336 ",61.40%,"$45,500,000 ",38.60%
56,Parasite,"$117,247,124 ","$18,350,215 ",15.70%,"$98,896,909 ",84.30%
57,Pet Sematary,"$112,399,944 ","$54,724,696 ",48.70%,"$57,675,248 ",51.30%
58,Good Boys,"$110,883,070 ","$83,083,070 ",74.90%,"$27,800,000 ",25.10%
59,Scary Stories to Tell in the Dark,"$104,545,505 ","$68,947,075 ",65.90%,"$35,598,430 ",34.10%
60,Midway,"$104,104,788 ","$50,478,116 ",48.50%,"$53,626,672 ",51.50%
61,Line Walker 2: Invisible Spy,"$99,482,027 ","$296,751 ",0.30%,"$99,185,276 ",99.70%
62,The Hustle,"$95,017,038 ","$35,417,038 ",37.30%,"$59,600,000 ",62.70%
63,Five Feet Apart,"$91,522,071 ","$45,729,221 ",50%,"$45,792,850 ",50%
64,Crawl,"$90,510,445 ","$39,014,193 ",43.10%,"$51,496,252 ",56.90%
65,Rambo: Last Blood,"$87,041,796 ","$44,819,352 ",51.50%,"$42,222,444 ",48.50%
66,One Piece: Stampede,"$80,438,653 ","$1,298,528 ",1.60%,"$79,140,125 ",98.40%
67,Cold Pursuit,"$76,419,755 ","$32,138,862 ",42.10%,"$44,280,893 ",57.90%
68,A Dog's Way Home,"$76,087,556 ","$42,004,346 ",55.20%,"$34,083,210 ",44.80%
69,A Madea Family Funeral,"$74,747,725 ","$73,257,045 ",98%,"$1,490,680 ",2%
70,Knives Out,"$72,622,256 ","$43,122,512 ",59.40%,"$29,499,744 ",40.60%
71,What Men Want,"$72,216,294 ","$54,611,903 ",75.60%,"$17,604,391 ",24.40%
72,A Dog's Journey,"$71,746,590 ","$22,546,590 ",31.40%,"$49,200,000 ",68.60%
73,After,"$69,497,587 ","$12,138,565 ",17.50%,"$57,359,022 ",82.50%
74,Exit,"$69,483,204 ","$470,699 ",0.70%,"$69,012,505 ",99.30%
75,Last Christmas,"$68,135,600 ","$31,835,600 ",46.70%,"$36,300,000 ",53.30%
76,War,"$67,179,155 ","$4,654,000 ",6.90%,"$62,525,155 ",93.10%
77,Doctor Sleep,"$67,128,244 ","$30,628,244 ",45.60%,"$36,500,000 ",54.40%
78,Happy Death Day 2U,"$64,503,067 ","$28,051,045 ",43.50%,"$36,452,022 ",56.50%
79,White Snake,"$61,618,539 ","$21,493 ",<0.1%,"$61,597,046 ",100%
80,Ma,"$60,582,764 ","$45,373,120 ",74.90%,"$15,209,644 ",25.10%
81,Ready or Not,"$57,437,450 ","$28,714,231 ",50%,"$28,723,219 ",50%
82,Long Shot,"$53,445,558 ","$30,316,271 ",56.70%,"$23,129,287 ",43.30%
83,Charlie's Angels,"$51,538,628 ","$16,938,628 ",32.90%,"$34,600,000 ",67.10%
84,Breakthrough,"$50,444,358 ","$40,713,082 ",80.70%,"$9,731,276 ",19.30%
85,Little,"$48,800,575 ","$40,673,960 ",83.30%,"$8,126,615 ",16.70%
86,Isn't It Romantic,"$48,791,187 ","$48,791,187 ",100%,-,-
87,Chasing the Dragon II: Wild Wild Bunch,"$45,733,356 ","$196,634 ",0.40%,"$45,536,722 ",99.60%
88,Playing with Fire,"$45,551,350 ","$39,412,076 ",86.50%,"$6,139,274 ",13.50%
89,Child's Play,"$44,902,237 ","$29,208,403 ",65%,"$15,693,834 ",35%
90,Hellboy,"$44,664,690 ","$21,903,748 ",49%,"$22,760,942 ",51%
91,Midsommar,"$41,084,036 ","$27,426,361 ",66.80%,"$13,657,675 ",33.20%
92,47 Meters Down: Uncaged,"$39,910,516 ","$22,260,900 ",55.80%,"$17,649,616 ",44.20%
93,Harriet,"$39,777,540 ","$39,577,540 ",99.50%,"$200,000 ",0.50%
94,Fighting with My Family,"$39,058,886 ","$22,958,886 ",58.80%,"$16,100,000 ",41.20%
95,Judy,"$37,181,723 ","$23,887,825 ",64.20%,"$13,293,898 ",35.80%
96,Overcomer,"$36,900,279 ","$34,712,782 ",94.10%,"$2,187,497 ",5.90%
97,The Intruder,"$36,599,361 ","$35,419,122 ",96.80%,"$1,180,239 ",3.20%
98,Pain and Glory,"$35,345,704 ","$3,490,325 ",9.90%,"$31,855,379 ",90.10%
99,Countdown,"$35,302,098 ","$25,302,098 ",71.70%,"$10,000,000 ",28.30%
100,A Beautiful Day in the Neighborhood,"$35,065,648 ","$35,065,648 ",100%,-,-
101,Bad Guys: The Movie,"$34,024,386 ","$166,972 ",0.50%,"$33,857,414 ",99.50%
102,The Art of Racing in the Rain,"$33,766,787 ","$26,395,642 ",78.20%,"$7,371,145 ",21.80%
103,Brightburn,"$32,893,421 ","$17,300,439 ",52.60%,"$15,592,982 ",47.40%
104,UglyDolls,"$32,450,241 ","$20,150,241 ",62.10%,"$12,300,000 ",37.90%
105,Stuber,"$32,390,945 ","$22,370,452 ",69.10%,"$10,020,493 ",30.90%
106,The Kid Who Would Be King,"$32,140,970 ","$16,790,790 ",52.20%,"$15,350,180 ",47.80%
107,Anna,"$30,918,726 ","$7,743,794 ",25%,"$23,174,932 ",75%
108,No Manches Frida 2,"$26,493,648 ","$9,270,920 ",35%,"$17,222,728 ",65%
109,Missing Link,"$26,249,469 ","$16,649,539 ",63.40%,"$9,599,930 ",36.60%
110,"The Gangster, the Cop, the Devil","$25,775,371 ","$216,494 ",0.80%,"$25,558,877 ",99.20%
111,Total Dhamaal,"$25,031,267 ","$2,167,632 ",8.70%,"$22,863,635 ",91.30%
112,Gully Boy,"$24,971,631 ","$5,566,534 ",22.30%,"$19,405,097 ",77.70%
113,Booksmart,"$24,843,990 ","$22,680,962 ",91.30%,"$2,163,028 ",8.70%
114,Late Night,"$22,386,466 ","$15,499,454 ",69.20%,"$6,887,012 ",30.80%
115,Black and Blue,"$22,366,810 ","$21,763,688 ",97.30%,"$603,122 ",2.70%
116,21 Bridges,"$22,328,874 ","$19,598,874 ",87.80%,"$2,730,000 ",12.20%
117,The Good Liar,"$21,932,365 ","$15,032,365 ",68.50%,"$6,900,000 ",31.50%
118,Shaft,"$21,360,215 ","$21,360,215 ",100%,-,-
119,Jojo Rabbit,"$21,027,057 ","$18,439,352 ",87.70%,"$2,587,705 ",12.30%
120,The Peanut Butter Falcon,"$20,753,681 ","$20,437,876 ",98.50%,"$315,805 ",1.50%
121,Hotel Mumbai,"$20,296,746 ","$9,651,611 ",47.60%,"$10,645,135 ",52.40%
122,The Farewell,"$19,602,064 ","$17,695,781 ",90.30%,"$1,906,283 ",9.70%
123,Unplanned,"$19,320,481 ","$19,005,109 ",98.40%,"$315,372 ",1.60%
124,Peppa Celebrates Chinese New Year,"$18,653,040 ","$131,225 ",0.70%,"$18,521,815 ",99.30%
125,Greta,"$18,640,313 ","$10,519,425 ",56.40%,"$8,120,888 ",43.60%
126,Blinded by the Light,"$18,019,198 ","$11,901,145 ",66%,"$6,118,053 ",34%
127,Always Miss You,"$17,691,872 ","$91,884 ",0.50%,"$17,599,988 ",99.50%
128,Pavarotti,"$17,373,124 ","$4,600,249 ",26.50%,"$12,772,875 ",73.50%
129,Fate/stay night [Heaven's Feel] II. lost butterfly,"$17,295,864 ","$420,595 ",2.40%,"$16,875,269 ",97.60%
130,Queen & Slim,"$17,061,060 ","$17,061,060 ",100%,-,-
131,Nothing to Lose 2,"$16,610,713 ","$1,150,551 ",6.90%,"$15,460,162 ",93.10%
132,Tazza: One-Eyed Jack,"$16,572,611 ","$97,655 ",0.60%,"$16,474,956 ",99.40%
133,Poms,"$16,418,218 ","$13,631,124 ",83%,"$2,787,094 ",17%
134,Little Q,"$16,358,581 ",-,-,"$16,358,581 ",100%
135,Kalank,"$16,130,339 ","$2,729,336 ",16.90%,"$13,401,003 ",83.10%
136,The Kitchen,"$15,880,032 ","$12,180,032 ",76.70%,"$3,700,000 ",23.30%
137,Miss Bala,"$15,383,580 ","$15,006,824 ",97.60%,"$376,756 ",2.40%
138,Serenity,"$14,387,413 ","$8,547,045 ",59.40%,"$5,840,368 ",40.60%
139,The Dead Don't Die,"$13,963,605 ","$6,563,605 ",47%,"$7,400,000 ",53%
140,Playmobil: The Movie,"$12,457,067 ",-,-,"$12,457,067 ",100%
141,Miss & Mrs. Cops,"$12,147,170 ","$104,578 ",0.90%,"$12,042,592 ",99.10%
142,Apollo 11,"$12,119,692 ","$9,039,891 ",74.60%,"$3,079,801 ",25.40%
143,The Divine Fury,"$11,799,556 ","$102,982 ",0.90%,"$11,696,574 ",99.10%
144,Motherless Brooklyn,"$11,590,698 ","$9,190,698 ",79.30%,"$2,400,000 ",20.70%
145,Bring The Soul: The Movie,"$11,393,886 ","$4,809,800 ",42.20%,"$6,584,086 ",57.80%
146,Gloria Bell,"$11,145,006 ","$5,611,123 ",50.30%,"$5,533,883 ",49.70%
147,The Lighthouse,"$10,902,916 ","$10,402,916 ",95.40%,"$500,000 ",4.60%
148,The Current War: Director's Cut,"$10,822,649 ","$5,946,532 ",54.90%,"$4,876,117 ",45.10%
149,The Best of Enemies,"$10,209,813 ","$10,205,616 ",100%,"$4,197 ",<0.1%
150,BTS World Tour: Love Yourself in Seoul,"$10,109,421 ","$3,509,917 ",34.70%,"$6,599,504 ",65.30%
151,"Where'd You Go, Bernadette","$10,093,124 ","$9,198,356 ",91.10%,"$894,768 ",8.90%
152,The Goldfinch,"$9,832,621 ","$5,332,621 ",54.20%,"$4,500,000 ",45.80%
153,Tod@s Caen,"$9,667,157 ","$2,670,925 ",27.60%,"$6,996,232 ",72.40%
154,The Aftermath,"$9,215,591 ","$1,618,497 ",17.60%,"$7,597,094 ",82.40%
155,Captive State,"$8,771,532 ","$5,958,315 ",67.90%,"$2,813,217 ",32.10%
156,Code Geass: Lelouch of the Re;Surrection 2019 Re-release,"$8,715,612 ","$522,805 ",6%,"$8,192,807 ",94%
157,Promare,"$8,554,650 ","$1,418,602 ",16.60%,"$7,136,048 ",83.40%
158,The Traitor,"$7,829,089 ",-,-,"$7,829,089 ",100%
159,Tolkien,"$7,776,413 ","$4,535,154 ",58.30%,"$3,241,259 ",41.70%
160,Bharat,"$7,762,483 ","$2,971,549 ",38.30%,"$4,790,934 ",61.70%
161,Love Live! Sunshine!! The School Idol Movie: Over The Rainbow,"$7,733,048 ","$34,135 ",0.40%,"$7,698,913 ",99.60%
162,Penguins,"$7,699,452 ","$7,699,452 ",100%,-,-
163,The Battle of Jangsari,"$7,693,800 ","$70,853 ",0.90%,"$7,622,947 ",99.10%
164,By the Grace of God,"$7,689,745 ","$56,235 ",0.70%,"$7,633,510 ",99.30%
165,The White Crow,"$7,622,595 ","$1,828,784 ",24%,"$5,793,811 ",76%
166,Brittany Runs a Marathon,"$7,440,228 ","$7,189,808 ",96.60%,"$250,420 ",3.40%
167,Mayday Life,"$7,435,496 ","$85,912 ",1.20%,"$7,349,584 ",98.80%
168,Jexi,"$7,430,723 ","$6,546,159 ",88.10%,"$884,564 ",11.90%
169,Wild Rose,"$7,123,449 ","$1,635,117 ",23%,"$5,488,332 ",77%
170,The Sun Is Also a Star,"$6,650,029 ","$4,950,029 ",74.40%,"$1,700,000 ",25.60%
171,Arctic Dogs,"$6,616,905 ","$5,660,735 ",85.50%,"$956,170 ",14.50%
172,Official Secrets,"$6,549,612 ","$1,988,546 ",30.40%,"$4,561,066 ",69.60%
173,Run the Race,"$6,424,420 ","$6,424,420 ",100%,-,-
174,The Mustang,"$6,405,816 ","$5,043,620 ",78.70%,"$1,362,196 ",21.30%
175,Immortal Hero,"$6,179,954 ","$43,007 ",0.70%,"$6,136,947 ",99.30%
176,National Theatre Live: Fleabag,"$6,020,353 ","$326,283 ",5.40%,"$5,694,070 ",94.60%
177,"Cyrano, My Love","$5,982,358 ","$351,019 ",5.90%,"$5,631,339 ",94.10%
178,The Professor and the Madman,"$5,737,400 ",-,-,"$5,737,400 ",100%
179,Furie,"$5,717,640 ","$594,788 ",10.40%,"$5,122,852 ",89.60%
180,Saaho,"$5,708,522 ","$2,872,057 ",50.30%,"$2,836,465 ",49.70%
181,Mission Mangal,"$5,667,057 ","$3,659,413 ",64.60%,"$2,007,644 ",35.40%
182,Don't Let Go,"$5,288,011 ","$5,215,062 ",98.60%,"$72,949 ",1.40%
183,The Biggest Little Farm,"$5,047,078 ","$4,366,949 ",86.50%,"$680,129 ",13.50%
184,KonoSuba - God's Blessing on This Wonderful World!: Legend of Crimson,"$4,853,893 ","$1,134,786 ",23.40%,"$3,719,107 ",76.60%
185,Menteur,"$4,697,364 ","$4,697,364 ",100%,-,-
186,The Last Black Man in San Francisco,"$4,607,017 ","$4,515,719 ",98%,"$91,298 ",2%
187,Housefull 4,"$4,579,675 ","$2,109,160 ",46.10%,"$2,470,515 ",53.90%
188,The Beach Bum,"$4,553,909 ","$3,502,600 ",76.90%,"$1,051,309 ",23.10%
189,Brian Banks,"$4,376,819 ","$4,376,819 ",100%,-,-
190,Uri: The Surgical Strike 2019 Re-release,"$4,302,454 ","$4,186,168 ",97.30%,"$116,286 ",2.70%
191,Linda Ronstadt: The Sound of My Voice,"$4,207,563 ","$4,207,563 ",100%,-,-
192,Savage,"$4,140,502 ","$74,491 ",1.80%,"$4,066,011 ",98.20%
193,Arctic 2019 Re-release,"$4,124,015 ","$2,410,795 ",58.50%,"$1,713,220 ",41.50%
194,Lucifer,"$3,956,978 ",-,-,"$3,956,978 ",100%
195,Super 30,"$3,953,337 ","$2,269,878 ",57.40%,"$1,683,459 ",42.60%
196,Badla,"$3,590,894 ","$1,861,000 ",51.80%,"$1,729,894 ",48.20%
197,The Oscar Nominated Short Films 2019: Documentary,"$3,538,550 ","$3,531,094 ",99.80%,"$7,456 ",0.20%
198,Maiden,"$3,482,861 ","$3,160,007 ",90.70%,"$322,854 ",9.30%
199,Midnight Diner,"$3,412,771 ","$18,555 ",0.50%,"$3,394,216 ",99.50%
200,The Hole in the Ground,"$3,373,474 ","$21,072 ",0.60%,"$3,352,402 ",99.40%
201,Echo in the Canyon,"$3,355,324 ","$3,355,324 ",100%,-,-
202,The Death and Life of John F. Donovan,"$3,326,364 ","$152,713 ",4.60%,"$3,173,651 ",95.40%
203,Ek Ladki Ko Dekha Toh Aisa Laga,"$3,307,565 ","$1,182,636 ",35.80%,"$2,124,929 ",64.20%
204,Chhichhore,"$3,307,350 ","$2,004,400 ",60.60%,"$1,302,950 ",39.40%
205,Pilgrim's Progress,"$3,173,282 ","$1,294,596 ",40.80%,"$1,878,686 ",59.20%
206,Western Stars,"$3,079,996 ","$1,579,996 ",51.30%,"$1,500,000 ",48.70%
207,All Is True,"$3,019,143 ","$1,200,481 ",39.80%,"$1,818,662 ",60.20%
208,Friends 25th: The One With The Anniversary,"$3,000,137 ","$2,884,827 ",96.20%,"$115,310 ",3.80%
209,Portrait of a Lady on Fire,"$2,936,245 ",-,-,"$2,936,245 ",100%
210,Jay and Silent Bob Reboot,"$2,801,841 ","$2,801,841 ",100%,-,-
211,Metallica & San Francisco Symphony - S&M2,"$2,705,442 ","$1,252,385 ",46.30%,"$1,453,057 ",53.70%
212,Faustina: Love and Mercy,"$2,672,316 ","$1,416,609 ",53%,"$1,255,707 ",47%
213,After the Wedding,"$2,623,072 ","$1,574,258 ",60%,"$1,048,814 ",40%
214,Marianne & Leonard: Words of Love,"$2,622,548 ","$1,012,034 ",38.60%,"$1,610,514 ",61.40%
215,Diego Maradona,"$2,617,806 ",-,-,"$2,617,806 ",100%
216,Spirits in the Forest,"$2,530,728 ","$704,744 ",27.80%,"$1,825,984 ",72.20%
217,Polaroid,"$2,493,569 ",-,-,"$2,493,569 ",100%
218,The Art of Self-Defense,"$2,414,269 ","$2,410,914 ",99.90%,"$3,355 ",0.10%
219,Sound! Euphonium the Movie - Our Promise: A Brand New Day,"$2,403,030 ","$90,341 ",3.80%,"$2,312,689 ",96.20%
220,3 from Hell,"$2,289,265 ","$2,172,949 ",94.90%,"$116,316 ",5.10%
221,Piranhas,"$2,285,086 ","$23,494 ",1%,"$2,261,592 ",99%
222,Luce,"$2,260,316 ","$2,010,613 ",89%,"$249,703 ",11%
223,Gone with the Wind 2019 Re-release,"$2,176,120 ","$2,176,120 ",100%,-,-
224,The Aeronauts,"$2,156,698 ",-,-,"$2,156,698 ",100%
225,The Wizard of Oz 2019 Re-release,"$2,076,020 ","$2,076,020 ",100%,-,-
226,Luka Chuppi,"$1,923,586 ","$1,042,905 ",54.20%,"$880,681 ",45.80%
227,The Other Side of Heaven 2: Fire of Faith,"$1,807,216 ","$1,807,216 ",100%,-,-
228,42nd Street: The Musical,"$1,724,565 ","$187,440 ",10.90%,"$1,537,125 ",89.10%
229,The Souvenir,"$1,719,157 ","$1,036,737 ",60.30%,"$682,420 ",39.70%
230,A Brother's Love,"$1,671,969 ","$539,524 ",32.30%,"$1,132,445 ",67.70%
231,Student of the Year 2,"$1,635,907 ","$778,566 ",47.60%,"$857,341 ",52.40%
232,The Informer,"$1,623,364 ",-,-,"$1,623,364 ",100%
233,Matthias & Maxime,"$1,604,378 ","$365,918 ",22.80%,"$1,238,460 ",77.20%
234,The Crossing,"$1,589,212 ","$90,896 ",5.70%,"$1,498,316 ",94.30%
235,The Kid,"$1,551,521 ","$1,508,593 ",97.20%,"$42,928 ",2.80%
236,Tel Aviv on Fire,"$1,548,893 ","$506,145 ",32.70%,"$1,042,748 ",67.30%
237,The Chaperone,"$1,541,223 ","$600,654 ",39%,"$940,569 ",61%
238,Honey Boy,"$1,536,804 ","$1,536,804 ",100%,-,-
239,De De Pyaar De,"$1,473,116 ","$425,934 ",28.90%,"$1,047,182 ",71.10%
240,Teen Spirit,"$1,457,366 ","$441,366 ",30.30%,"$1,016,000 ",69.70%
241,El Chicano,"$1,404,646 ","$1,400,603 ",99.70%,"$4,043 ",0.30%
242,Alien 2019 Re-release,"$1,356,259 ","$833,658 ",61.50%,"$522,601 ",38.50%
243,Monos,"$1,328,447 ","$406,473 ",30.60%,"$921,974 ",69.40%
244,Roger Waters - Us + Them,"$1,294,480 ","$611,644 ",47.30%,"$682,836 ",52.70%
245,Fagara,"$1,265,949 ","$43,417 ",3.40%,"$1,222,532 ",96.60%
246,Batla House,"$1,264,337 ","$493,180 ",39%,"$771,157 ",61%
247,BTS World Tour 'Love Yourself: Speak Yourself' (The Final) Seoul Live Viewing,"$1,226,552 ","$1,226,552 ",100%,-,-
248,Kingdom Men Rising,"$1,188,936 ","$1,188,936 ",100%,-,-
249,Los Domirriqueños 2,"$1,187,280 ","$1,187,280 ",100%,-,-
250,My Neighbor Totoro 2019 Re-release,"$1,105,564 ","$1,105,564 ",100%,-,-
251,El Coyote,"$1,101,470 ","$1,101,470 ",100%,-,-
252,The Sky Is Pink,"$1,088,641 ","$652,592 ",59.90%,"$436,049 ",40.10%
253,Jesus Is King,"$1,082,075 ","$973,000 ",89.90%,"$109,075 ",10.10%
254,Bennett's War,"$1,056,416 ","$1,056,416 ",100%,-,-
255,Noah: The Musical,"$1,035,603 ","$1,035,603 ",100%,-,-
256,Dark Waters,"$1,012,524 ","$1,012,524 ",100%,-,-
257,Cold Blood,"$1,009,888 ","$5,083 ",0.50%,"$1,004,805 ",99.50%
258,Kiki's Delivery Service 2019 Re-release,"$1,004,057 ","$1,004,057 ",100%,-,-
259,Rush: Cinema Strangiato 2019,"$960,073 ","$960,073 ",100%,-,-
260,The Fighting Preacher,"$922,656 ","$922,656 ",100%,-,-
261,Toni Morrison: The Pieces I Am,"$903,018 ","$903,018 ",100%,-,-
262,Kinky Boots: The Musical,"$900,451 ","$900,451 ",100%,-,-
263,The Hummingbird Project,"$899,037 ","$371,784 ",41.40%,"$527,253 ",58.60%
264,The Game Changers,"$897,992 ","$739,711 ",82.40%,"$158,281 ",17.60%
265,Miles Davis: Birth of the Cool,"$896,528 ","$614,201 ",68.50%,"$282,327 ",31.50%
266,Between Me and My Mind,"$875,191 ","$875,191 ",100%,-,-
267,Howl's Moving Castle 2019 Re-release,"$865,647 ","$865,647 ",100%,-,-
268,Steel Magnolias 2019 Re-release,"$855,421 ","$855,421 ",100%,-,-
269,Joni 75: A Birthday Celebration,"$808,831 ","$752,205 ",93%,"$56,626 ",7%
270,Vita & Virginia,"$793,068 ","$42,741 ",5.40%,"$750,327 ",94.60%
271,Chonda Pierce: Unashamed,"$787,979 ","$787,979 ",100%,-,-
272,Mystify: Michael Hutchence,"$779,773 ",-,-,"$779,773 ",100%
273,Fantastic Fungi,"$777,518 ","$777,518 ",100%,-,-
274,The Church,"$772,000 ","$772,000 ",100%,-,-
275,The Nightingale,"$767,064 ","$400,209 ",52.20%,"$366,855 ",47.80%
276,DanTDM Presents The Contest,"$765,363 ","$307,484 ",40.20%,"$457,879 ",59.80%
277,Patterns of Evidence: Moses Controversy,"$765,361 ","$765,361 ",100%,-,-
278,I Love Lucy: A Colorized Celebration,"$754,323 ","$754,323 ",100%,-,-
279,David Crosby: Remember My Name,"$731,557 ","$731,557 ",100%,-,-
280,Honeyland,"$725,974 ","$711,628 ",98%,"$14,346 ",2%
281,Where's My Roy Cohn?,"$697,730 ","$697,730 ",100%,-,-
282,The Least of These: The Graham Staines Story,"$695,164 ","$607,015 ",87.30%,"$88,149 ",12.70%
283,Raise Hell: The Life & Times of Molly Ivins,"$693,723 ","$693,723 ",100%,-,-
284,Stockholm,"$692,514 ","$292,590 ",42.30%,"$399,924 ",57.70%
285,Romeo Akbar Walter,"$688,719 ","$236,299 ",34.30%,"$452,420 ",65.70%
286,For Sama,"$660,381 ","$43,796 ",6.60%,"$616,585 ",93.40%
287,The Public,"$641,835 ","$573,503 ",89.40%,"$68,332 ",10.60%
288,Frankie,"$629,307 ","$142,718 ",22.70%,"$486,589 ",77.30%
289,Asako I & II,"$626,871 ","$25,328 ",4%,"$601,543 ",96%
290,Dirty Dancing 2019 Re-release,"$622,968 ","$622,968 ",100%,-,-
291,Give Me Liberty,"$614,049 ","$232,631 ",37.90%,"$381,418 ",62.10%
292,The Muppet Movie 2019 Re-release,"$610,475 ","$610,475 ",100%,-,-
293,The Golden Glove,"$604,147 ","$6,160 ",1%,"$597,987 ",99%
294,To Kill a Mockingbird 2019 Re-release,"$592,237 ","$592,237 ",100%,-,-
295,The Cure: Anniversary 1978-2018 Live in Hyde Park,"$591,904 ","$378,405 ",63.90%,"$213,499 ",36.10%
296,Bethany Hamilton: Unstoppable,"$590,671 ","$590,671 ",100%,-,-
297,Waves,"$576,174 ","$576,174 ",100%,-,-
298,My Fair Lady 2019 Re-release,"$560,711 ","$560,711 ",100%,-,-
299,Synonyms,"$553,324 ","$151,074 ",27.30%,"$402,250 ",72.70%
300,Photograph,"$550,508 ","$344,534 ",62.60%,"$205,974 ",37.40%
301,Fiddler: A Miracle of Miracles,"$549,386 ","$549,386 ",100%,-,-
302,"DCI 2019: Big, Loud & Live 16","$546,060 ","$546,060 ",100%,-,-
303,Junglee,"$545,887 ","$295,784 ",54.20%,"$250,103 ",45.80%
304,Grateful Dead Meet-Up 2019,"$537,153 ","$537,153 ",100%,-,-
305,CatVideoFest,"$536,566 ","$470,923 ",87.80%,"$65,643 ",12.20%
306,Margaret Atwood: Live in Cinemas,"$529,285 ","$93,690 ",17.70%,"$435,595 ",82.30%
307,The Audience 2019 Re-release,"$523,432 ","$106,529 ",20.40%,"$416,903 ",79.60%
308,The Spy Behind Home Plate,"$519,525 ","$519,525 ",100%,-,-
309,Wild Nights with Emily,"$519,487 ","$519,487 ",100%,-,-
310,The Day Shall Come,"$514,073 ","$26,972 ",5.20%,"$487,101 ",94.80%
311,Bolshoi Ballet: Carmen Suite/Petrushka,"$510,628 ","$207,523 ",40.60%,"$303,105 ",59.40%
312,Saving Private Ryan 2019 Re-release,"$508,694 ","$508,694 ",100%,-,-
313,Whisper of the Heart 2019 Re-release,"$498,156 ","$498,156 ",100%,-,-
314,Nausicaä of the Valley of the Wind 2019 Re-release,"$495,770 ","$495,770 ",100%,-,-
315,The Russian Five,"$485,049 ","$485,049 ",100%,-,-
316,Lawrence of Arabia 2019 Re-release,"$482,281 ","$482,281 ",100%,-,-
317,Liam Gallagher: As It Was,"$477,009 ",-,-,"$477,009 ",100%
318,Monty Python's Life of Brian 2019 Re-release,"$470,071 ","$161,507 ",34.40%,"$308,564 ",65.60%
319,Hail Satan?,"$467,232 ","$424,284 ",90.80%,"$42,948 ",9.20%
320,Light of My Life,"$463,859 ","$20,056 ",4.30%,"$443,803 ",95.70%
321,Christmas Jars,"$459,462 ","$459,462 ",100%,-,-
322,Cruel Intentions 2019 Re-release,"$445,218 ","$445,218 ",100%,-,-
323,What We Left Behind: Star Trek DS9,"$434,437 ","$382,457 ",88%,"$51,980 ",12%
324,Ben-Hur 2019 Re-release,"$422,622 ","$422,622 ",100%,-,-
325,The Cold Blue,"$420,177 ","$420,177 ",100%,-,-
326,The Reliant,"$408,747 ","$408,747 ",100%,-,-
327,Aquarela,"$405,050 ","$300,509 ",74.20%,"$104,541 ",25.80%
328,"Hello, Dolly!","$400,881 ","$400,881 ",100%,-,-
329,The Wedding Guest,"$386,166 ","$386,166 ",100%,-,-
330,The Secret World of Arrietty 2019 Re-release,"$384,289 ","$384,289 ",100%,-,-
331,The Metropolitan Opera HD Live: Puccini: Turandot,"$375,295 ",-,-,"$375,295 ",100%
332,Ghostbusters 2019 Re-release,"$369,612 ","$369,612 ",100%,-,-
333,Lords of Chaos,"$365,353 ","$253,184 ",69.30%,"$112,169 ",30.70%
334,K-12,"$359,377 ","$303,230 ",84.40%,"$56,147 ",15.60%
335,The Shawshank Redemption 2019 Re-release,"$358,507 ","$358,507 ",100%,-,-
336,Killerman,"$358,352 ","$291,477 ",81.30%,"$66,875 ",18.70%
337,The Tomorrow Man,"$354,103 ","$354,103 ",100%,-,-
338,Star Trek: The Motion Picture 2019 Re-release,"$346,243 ","$346,243 ",100%,-,-
339,Triple Threat,"$345,900 ","$76,289 ",22.10%,"$269,611 ",77.90%
340,Is It Wrong to Try to Pick Up Girls in a Dungeon - Arrow of the Orion,"$338,632 ","$271,489 ",80.20%,"$67,143 ",19.80%
341,Diane,"$336,166 ","$336,166 ",100%,-,-
342,A Silent Voice: The Movie 2019 Re-release,"$333,984 ","$333,984 ",100%,-,-
343,Freaks,"$333,212 ","$276,591 ",83%,"$56,621 ",17%
344,The Big Fight Live: IBF Welterweight Title: Errol Spence Jr. vs. Mikey Garcia,"$328,979 ","$328,979 ",100%,-,-
345,Sword of Trust,"$322,421 ","$322,421 ",100%,-,-
346,Woodstock,"$320,610 ","$126,562 ",39.50%,"$194,048 ",60.50%
347,Lucy in the Sky,"$319,976 ","$319,976 ",100%,-,-
348,You Are Here: A Come From Away Story,"$318,885 ","$318,885 ",100%,-,-
349,Josh Groban Bridges from Madison Square Garden,"$315,173 ","$315,173 ",100%,-,-
350,Ask Dr. Ruth,"$314,938 ","$297,195 ",94.40%,"$17,743 ",5.60%
351,Bolshoi Ballet: The Sleeping Beauty,"$311,368 ","$311,368 ",100%,-,-
352,Anthropocene: The Human Epoch,"$303,904 ","$104,649 ",34.40%,"$199,255 ",65.60%
353,The Third Wife,"$302,159 ","$84,933 ",28.10%,"$217,226 ",71.90%
354,Meeting Gorbachev,"$301,937 ","$251,837 ",83.40%,"$50,100 ",16.60%
355,Cliffs of Freedom,"$300,842 ","$72,476 ",24.10%,"$228,366 ",75.90%
356,Plácido Domingo Gala,"$299,360 ","$52,502 ",17.50%,"$246,858 ",82.50%
357,Shakira in Concert: El Dorado World Tour,"$294,677 ","$271,586 ",92.20%,"$23,091 ",7.80%
358,The Giant Spider Invasion,"$293,053 ","$293,053 ",100%,-,-
359,The Zoya Factor,"$289,631 ","$128,831 ",44.50%,"$160,800 ",55.50%
360,Saga of Tanya the Evil - The Movie,"$288,460 ","$288,460 ",100%,-,-
361,Khalid: Free Spirit,"$284,229 ","$284,229 ",100%,-,-
362,Mike Wallace Is Here,"$281,245 ","$281,245 ",100%,-,-
363,Octaman,"$280,710 ","$280,710 ",100%,-,-
364,See You Soon,"$277,126 ",-,-,"$277,126 ",100%
365,True Grit 2019 Re-release,"$276,418 ","$276,418 ",100%,-,-
366,Slayer: The Repentless Killogy,"$272,874 ","$268,727 ",98.50%,"$4,147 ",1.50%
367,One Child Nation,"$271,841 ","$270,128 ",99.40%,"$1,713 ",0.60%
368,Luzia: Cirque du Soleil in Cinema,"$265,673 ","$265,673 ",100%,-,-
369,Out of Liberty,"$265,279 ","$265,279 ",100%,-,-
370,Asbury Park: Riot Redemption Rock 'n Roll,"$264,983 ","$167,684 ",63.30%,"$97,299 ",36.70%
371,Her Smell,"$260,481 ","$255,599 ",98.10%,"$4,882 ",1.90%
372,Star Raiders: The Adventures of Saber Raine,"$260,234 ","$260,234 ",100%,-,-
373,I Got the Hook Up 2,"$252,293 ","$252,293 ",100%,-,-
374,Canal Street,"$251,917 ","$251,917 ",100%,-,-
375,The Twilight Zone: A 60th Anniversary Celebration,"$248,514 ","$248,514 ",100%,-,-
376,Doctor Who: The End of Time: Part One,"$247,798 ","$247,798 ",100%,-,-
377,American Woman,"$245,416 ","$236,637 ",96.40%,"$8,779 ",3.60%
378,Out of Blue,"$242,847 ","$18,779 ",7.70%,"$224,068 ",92.30%
379,311 Enlarged to Show Detail 3,"$238,791 ","$238,791 ",100%,-,-
380,India's Most Wanted,"$235,351 ","$176,858 ",75.10%,"$58,493 ",24.90%
381,Premier Boxing Champions: PBC on FOX: Spence vs. Porter,"$232,973 ","$232,973 ",100%,-,-
382,DAZN Boxing: Canelo Alvarez vs. Daniel Jacobs,"$230,703 ","$230,703 ",100%,-,-
383,Ophelia,"$229,405 ","$50,722 ",22.10%,"$178,683 ",77.90%
384,Mine 9,"$226,421 ","$226,421 ",100%,-,-
385,Premier Boxing Champions: PBC on FOX PPV: Pacquiao vs. Thurman,"$223,858 ","$223,858 ",100%,-,-
386,First Love,"$218,329 ","$218,329 ",100%,-,-
387,The Karate Kid 2019 Re-release,"$215,447 ","$215,447 ",100%,-,-
388,Hamlet 2019 Re-release,"$214,578 ","$214,578 ",100%,-,-
389,Tigers Are Not Afraid 2019 Re-release,"$210,138 ","$175,559 ",83.50%,"$34,579 ",16.50%
390,"Faith, Hope & Love","$210,091 ","$210,091 ",100%,-,-
391,Kathy Griffin: A Hell of a Story,"$208,907 ","$208,907 ",100%,-,-
392,Batman 2019 Re-release,"$207,901 ","$159,419 ",76.70%,"$48,482 ",23.30%
393,Millennium Actress 2019 Re-release,"$207,312 ","$207,312 ",100%,-,-
394,The Iron Orchard,"$204,881 ","$204,881 ",100%,-,-
395,Hesburgh,"$204,709 ","$204,709 ",100%,-,-
396,Play the Flute,"$203,956 ","$203,956 ",100%,-,-
397,Forrest Gump 2019 Re-release,"$203,088 ","$203,088 ",100%,-,-
398,Blink of an Eye,"$201,874 ","$201,874 ",100%,-,-
399,Family,"$194,601 ","$194,601 ",100%,-,-
400,The Divine Plan,"$190,031 ","$190,031 ",100%,-,-
401,Working Woman,"$185,912 ","$64,048 ",34.50%,"$121,864 ",65.50%
402,To Dust,"$184,495 ","$184,495 ",100%,-,-
403,The River and the Wall,"$183,602 ","$183,602 ",100%,-,-
404,Giant Little Ones,"$181,507 ","$181,507 ",100%,-,-
405,Rafiki,"$181,316 ","$137,968 ",76.10%,"$43,348 ",23.90%
406,Mr. Klein,"$178,408 ","$178,408 ",100%,-,-
407,Walking on Water,"$178,119 ","$102,140 ",57.30%,"$75,979 ",42.70%
408,Modest Heroes,"$178,027 ","$178,027 ",100%,-,-
409,The Warrior Queen of Jhansi,"$177,289 ","$177,289 ",100%,-,-
410,"Iyengar: The Man, Yoga, and the Student's Journey","$176,387 ","$176,387 ",100%,-,-
411,Bolshoi Ballet: The Golden Age,"$171,916 ","$171,916 ",100%,-,-
412,Little Woods,"$171,912 ","$150,010 ",87.30%,"$21,902 ",12.70%
413,Palau the Movie,"$171,155 ","$134,696 ",78.70%,"$36,459 ",21.30%
414,Britt-Marie Was Here,"$168,488 ","$36,549 ",21.70%,"$131,939 ",78.30%
415,Them That Follow,"$166,262 ","$159,218 ",95.80%,"$7,044 ",4.20%
416,Bright Ones,"$165,627 ","$165,627 ",100%,-,-
417,The Chambermaid,"$164,531 ","$86,422 ",52.50%,"$78,109 ",47.50%
418,Halston,"$161,675 ","$151,991 ",94%,"$9,684 ",6%
419,"Diana Ross: Her Life, Love and Legacy","$160,968 ","$160,968 ",100%,-,-
420,Buñuel in the Labyrinth of the Turtles,"$156,432 ","$36,205 ",23.10%,"$120,227 ",76.90%
421,Money,"$155,732 ","$155,732 ",100%,-,-
422,Before You Know It,"$151,507 ","$151,507 ",100%,-,-
423,Jay Myself,"$151,331 ","$151,331 ",100%,-,-
424,Glory 2019 Re-release,"$150,801 ","$150,801 ",100%,-,-
425,Piercing,"$149,211 ","$15,856 ",10.60%,"$133,355 ",89.40%
426,Trial by Fire,"$148,504 ","$148,504 ",100%,-,-
427,War and Peace,"$148,503 ","$148,503 ",100%,-,-
428,Driven,"$147,172 ",-,-,"$147,172 ",100%
429,Framing John DeLorean,"$145,625 ","$145,625 ",100%,-,-
430,Doctor Who: Logopolis: Part One/Doctor Who: Logopolis: Part Two/Doctor Who: Logopolis: Part Three/Doctor Who: Logopolis: Part Four/Doctor Who,"$143,248 ","$143,248 ",100%,-,-
431,INXS: Baby Live at Wembly Stadium,"$142,395 ",-,-,"$142,395 ",100%
432,Canelo vs. Kovalev,"$140,820 ","$140,820 ",100%,-,-
433,Who Will Write Our History,"$138,039 ","$138,039 ",100%,-,-
434,Lynryd Skynyrd: Last of the Street Survivors Farewell Tour,"$137,888 ","$137,888 ",100%,-,-
435,Sonchiriya,"$135,413 ","$86,765 ",64.10%,"$48,648 ",35.90%
436,The Other Story,"$135,191 ","$135,191 ",100%,-,-
437,Made in Abyss: Journey's Dawn,"$134,194 ","$134,047 ",99.90%,$147 ,0.10%
438,The Wind,"$130,974 ","$28,252 ",21.60%,"$102,722 ",78.40%
439,Mister America,"$130,897 ","$130,897 ",100%,-,-
440,Little Monsters,"$130,381 ",-,-,"$130,381 ",100%
441,Section 375,"$129,916 ",-,-,"$129,916 ",100%
442,Paris Is Burning 2019 Re-release,"$125,677 ","$125,677 ",100%,-,-
443,This Changes Everything,"$125,348 ","$64,988 ",51.80%,"$60,360 ",48.20%
444,Mary Magdalene 2019 Re-release,"$124,741 ","$124,741 ",100%,-,-
445,Easy Rider 2019 Re-release,"$123,276 ","$123,276 ",100%,-,-
446,Be Natural: The Untold Story of Alice Guy-Blaché,"$122,909 ","$113,765 ",92.60%,"$9,144 ",7.40%
447,A Tuba to Cuba,"$121,772 ","$121,772 ",100%,-,-
448,Avant qu'on explose,"$119,894 ","$119,894 ",100%,-,-
449,Mob Psycho 100,"$115,766 ","$115,766 ",100%,-,-
450,Police Story,"$113,164 ","$113,164 ",100%,-,-
451,Skin,"$112,833 ",-,-,"$112,833 ",100%
452,Babylon,"$109,749 ","$109,749 ",100%,-,-
453,The Whistlers,"$109,557 ",-,-,"$109,557 ",100%
454,Little Joe,"$107,466 ",-,-,"$107,466 ",100%
455,The Brink,"$106,057 ","$106,057 ",100%,-,-
456,Cold Case Hammarskjöld,"$104,965 ","$104,965 ",100%,-,-
457,Hotel by the River,"$101,879 ","$28,354 ",27.80%,"$73,525 ",72.20%
458,Varda by Agnès,"$100,372 ","$28,432 ",28.30%,"$71,940 ",71.70%
459,Heavy Water,"$99,503 ","$55,446 ",55.70%,"$44,057 ",44.30%
460,High Strung Free Dance 2019 Re-release,"$98,481 ","$83,891 ",85.20%,"$14,590 ",14.80%
461,Charlie Says,"$98,240 ","$40,685 ",41.40%,"$57,555 ",58.60%
462,Prassthanam,"$97,204 ","$19,984 ",20.60%,"$77,220 ",79.40%
463,Saint Judy,"$96,212 ","$78,935 ",82%,"$17,277 ",18%
464,Papi Chulo,"$94,321 ","$84,703 ",89.80%,"$9,618 ",10.20%
465,A Bigger Splash 2019 Re-release,"$91,303 ","$91,303 ",100%,-,-
466,Mapplethorpe,"$91,002 ","$91,002 ",100%,-,-
467,Loopers: The Caddie's Long Walk,"$90,679 ","$90,679 ",100%,-,-
468,The Lumber Baron,"$88,336 ","$88,336 ",100%,-,-
469,Jim Allison: Breakthrough,"$87,984 ","$87,984 ",100%,-,-
470,ECCO,"$86,858 ","$86,858 ",100%,-,-
471,Vault,"$86,630 ","$29,491 ",34%,"$57,139 ",66%
472,Cyrano de Bergerac,"$86,300 ","$86,300 ",100%,-,-
473,Skid Row Marathon,"$84,997 ","$84,997 ",100%,-,-
474,Woodstock,"$84,440 ","$84,440 ",100%,-,-
475,The Final Wish,"$82,959 ","$25,183 ",30.40%,"$57,776 ",69.60%
476,Prey,"$82,258 ",-,-,"$82,258 ",100%
477,Batman Returns 2019 Re-release,"$80,699 ","$70,642 ",87.50%,"$10,057 ",12.50%
478,Ms. Purple,"$80,657 ","$80,657 ",100%,-,-
479,Armstrong,"$79,854 ","$19,740 ",24.70%,"$60,114 ",75.30%
480,Fast Color,"$76,916 ","$76,916 ",100%,-,-
481,"Love, Antosha","$75,308 ","$50,168 ",66.60%,"$25,140 ",33.40%
482,Christ Stopped at Eboli,"$74,349 ","$74,349 ",100%,-,-
483,5B,"$72,968 ","$72,968 ",100%,-,-
484,Greener Grass,"$71,838 ","$51,456 ",71.60%,"$20,382 ",28.40%
485,Free Trip to Egypt 2019 Re-release,"$71,087 ","$71,087 ",100%,-,-
486,Last Year at Marienbad 2019 Re-release,"$68,402 ","$63,425 ",92.70%,"$4,977 ",7.30%
487,Being Frank,"$67,343 ","$67,343 ",100%,-,-
488,QT8: The First Eight,"$65,188 ","$51,896 ",79.60%,"$13,292 ",20.40%
489,End of the Century,"$64,880 ","$64,880 ",100%,-,-
490,The Kingmaker,"$62,874 ","$62,874 ",100%,-,-
491,The Mountain,"$61,035 ","$61,035 ",100%,-,-
492,¡He matado a mi marido!,"$60,995 ","$45,777 ",75.10%,"$15,218 ",24.90%
493,John Fogerty: 50 Year Trip - Live at Red Rocks,"$59,795 ","$59,795 ",100%,-,-
494,Making Waves: The Art of Cinematic Sound,"$57,144 ","$46,290 ",81%,"$10,854 ",19%
495,Notebook,"$56,166 ",-,-,"$56,166 ",100%
496,Kind Hearts and Coronets 2019 Re-release,"$52,193 ","$8,004 ",15.30%,"$44,189 ",84.70%
497,Clinton Road,"$50,400 ","$50,400 ",100%,-,-
498,Free Trip to Egypt,"$49,693 ","$49,693 ",100%,-,-
499,The Bounty Killer,"$48,815 ","$48,815 ",100%,-,-
500,The Queen,"$47,818 ","$47,818 ",100%,-,-
501,The Raft,"$47,269 ","$39,678 ",83.90%,"$7,591 ",16.10%
502,High on the Hog,"$45,696 ","$45,696 ",100%,-,-
503,The Proposal,"$45,149 ","$45,149 ",100%,-,-
504,The Cave,"$45,096 ","$45,096 ",100%,-,-
505,Celebration,"$44,898 ","$22,557 ",50.20%,"$22,341 ",49.80%
506,What Is Democracy?,"$44,536 ","$44,536 ",100%,-,-
507,Maze 2019 Re-release,"$44,381 ","$44,381 ",100%,-,-
508,Carmine Street Guitars,"$44,253 ","$44,253 ",100%,-,-
509,Union,"$41,656 ","$41,656 ",100%,-,-
510,Slut in a Good Way,"$40,513 ","$40,513 ",100%,-,-
511,Aniara,"$40,124 ","$40,124 ",100%,-,-
512,Midnight Traveler,"$40,103 ","$40,103 ",100%,-,-
513,Zilla and Zoe,"$39,003 ","$39,003 ",100%,-,-
514,Shed of the Dead,"$38,901 ","$38,901 ",100%,-,-
515,Batman Forever 2019 Re-release,"$38,387 ","$38,014 ",99%,$373 ,1%
516,Memory: The Origins of Alien,"$37,272 ","$31,378 ",84.20%,"$5,894 ",15.80%
517,What You Gonna Do When the World's on Fire?,"$37,195 ","$4,672 ",12.60%,"$32,523 ",87.40%
518,The Quiet One,"$37,010 ","$37,010 ",100%,-,-
519,The Death of Dick Long,"$36,856 ","$36,856 ",100%,-,-
520,Our Time,"$36,240 ","$14,777 ",40.80%,"$21,463 ",59.20%
521,Loro,"$35,613 ","$35,613 ",100%,-,-
522,Killer Unicorn,"$33,901 ","$33,901 ",100%,-,-
523,Moonlight Sonata: Deafness in Three Movements,"$33,823 ","$33,823 ",100%,-,-
524,An Acceptable Loss,"$32,427 ","$32,427 ",100%,-,-
525,10E,"$32,413 ","$32,413 ",100%,-,-
526,Ága,"$32,087 ","$32,087 ",100%,-,-
527,Desolation Center,"$32,016 ","$32,016 ",100%,-,-
528,Buddy,"$31,203 ","$31,203 ",100%,-,-
529,Gift,"$31,103 ","$31,103 ",100%,-,-
530,Pasolini 2019 Re-release,"$30,757 ","$30,757 ",100%,-,-
531,Los Reyes,"$30,418 ","$30,418 ",100%,-,-
532,Lionel Richie at Glastonbury,"$30,123 ","$30,123 ",100%,-,-
533,The Ground Beneath My Feet,"$29,251 ","$29,251 ",100%,-,-
534,Batman & Robin 2019 Re-release,"$28,793 ","$28,597 ",99.30%,$196 ,0.70%
535,The Cat Rescuers,"$28,698 ","$28,698 ",100%,-,-
536,The Load,"$28,118 ","$28,118 ",100%,-,-
537,El Norte 2019 Re-release,"$27,920 ","$27,920 ",100%,-,-
538,Bauhaus Spirit: 100 Years of Bauhaus,"$27,768 ","$17,122 ",61.70%,"$10,646 ",38.30%
539,"Leaving Home, Coming Home: A Portrait of Robert Frank","$27,073 ","$27,073 ",100%,-,-
540,Wrestle,"$26,597 ","$26,597 ",100%,-,-
541,Rosie,"$26,441 ","$6,839 ",25.90%,"$19,602 ",74.10%
542,Donnybrook,"$26,284 ","$26,284 ",100%,-,-
543,The Aspern Papers,"$24,554 ","$9,277 ",37.80%,"$15,277 ",62.20%
544,Hyenas,"$24,272 ","$24,272 ",100%,-,-
545,Chasing Einstein,"$24,057 ","$24,057 ",100%,-,-
546,Ode to Joy,"$22,594 ","$17,303 ",76.60%,"$5,291 ",23.40%
547,The Sound of Silence,"$21,994 ","$20,013 ",91%,"$1,981 ",9%
548,Wicked Witches,"$21,600 ","$21,600 ",100%,-,-
549,Round of Your Life,"$20,941 ","$20,941 ",100%,-,-
550,General Magic,"$20,046 ","$20,046 ",100%,-,-
551,The Gospel of Eureka,"$20,039 ","$20,039 ",100%,-,-
552,Before Stonewall,"$18,724 ","$18,724 ",100%,-,-
553,The Return of Martin Guerre 2019 Re-release,"$18,603 ","$18,603 ",100%,-,-
554,"Phoenix, Oregon","$18,356 ","$18,356 ",100%,-,-
555,Scandalous: The True Story of the National Enquirer,"$18,174 ","$18,174 ",100%,-,-
556,The Cranes Are Flying,"$17,923 ","$17,923 ",100%,-,-
557,Citizen K,"$17,076 ","$15,195 ",89%,"$1,881 ",11%
558,Joseph Pulitzer: Voice of the People,"$16,970 ","$16,970 ",100%,-,-
559,Chained for Life,"$16,826 ","$16,826 ",100%,-,-
560,The Perfect Race,"$16,498 ","$16,498 ",100%,-,-
561,Virginia Minnesota,"$16,118 ","$16,118 ",100%,-,-
562,Starfish,"$15,849 ","$15,849 ",100%,-,-
563,Trinity Seven The Movie 2: Heavens Library & Crimson Lord,"$15,712 ","$15,712 ",100%,-,-
564,The Competition 2019 Re-release,"$15,622 ","$15,622 ",100%,-,-
565,Between the Lines,"$15,383 ","$15,383 ",100%,-,-
566,Funan,"$15,152 ","$15,152 ",100%,-,-
567,Wrinkles the Clown,"$14,938 ","$14,938 ",100%,-,-
568,ZZ Top: That Little Ol' Band from Texas,"$14,879 ","$14,879 ",100%,-,-
569,My Son 2019 Re-release,"$14,450 ","$14,450 ",100%,-,-
570,Combat Obscura,"$14,242 ","$14,242 ",100%,-,-
571,Screwball,"$13,967 ","$13,967 ",100%,-,-
572,Genesis,"$13,856 ","$6,784 ",49%,"$7,072 ",51%
573,This One's for the Ladies,"$13,688 ","$13,688 ",100%,-,-
574,The Woman Who Loves Giraffes,"$13,520 ","$13,520 ",100%,-,-
575,Rapid Response,"$13,294 ","$13,294 ",100%,-,-
576,Off Season,"$12,544 ","$12,544 ",100%,-,-
577,Bricked,"$12,201 ","$12,201 ",100%,-,-
578,Zen for Nothing,"$12,107 ","$12,107 ",100%,-,-
579,Imprisoned,"$12,050 ","$12,050 ",100%,-,-
580,Quartet,"$12,042 ","$12,042 ",100%,-,-
581,"Cassandro, The Exotico!","$11,897 ","$11,897 ",100%,-,-
582,In Like Flynn,"$11,255 ","$11,255 ",100%,-,-
583,Made Me Do It,"$11,151 ","$11,151 ",100%,-,-
584,Suburban Birds,"$10,997 ","$10,997 ",100%,-,-
585,If the Dancer Dances,"$10,912 ","$10,912 ",100%,-,-
586,Vision Portraits,"$10,771 ","$10,771 ",100%,-,-
587,Olivia,"$9,934 ","$9,934 ",100%,-,-
588,Streetwise,"$9,904 ","$9,904 ",100%,-,-
589,The Spanish Prisoner 2019 Re-release,"$9,589 ","$9,589 ",100%,-,-
590,Stuffed,"$9,458 ","$9,458 ",100%,-,-
591,Fritz Lang's Indian Epic 2019 re-release,"$9,345 ","$9,345 ",100%,-,-
592,A Dark Place,"$9,212 ",-,-,"$9,212 ",100%
593,Cracked Up,"$9,197 ","$9,197 ",100%,-,-
594,Frantz Fanon: Black Skin White Mask,"$9,025 ","$9,025 ",100%,-,-
595,The Meanest Man in Texas,"$8,850 ","$8,850 ",100%,-,-
596,That Part Feeling - the Universe of Arvo Part,"$8,812 ","$8,812 ",100%,-,-
597,The Dead Center,"$8,320 ","$8,320 ",100%,-,-
598,Angels Are Made Of Light,"$7,919 ","$7,919 ",100%,-,-
599,This Magnificent Cake!,"$7,888 ","$7,888 ",100%,-,-
600,Ghost Fleet,"$7,850 ","$7,850 ",100%,-,-
601,The Plagiarists,"$7,768 ","$7,768 ",100%,-,-
602,I'll Take Your Dead,"$7,692 ","$7,692 ",100%,-,-
603,Gregory's Girl,"$7,321 ","$7,321 ",100%,-,-
604,Beloved Beast,"$7,301 ","$7,301 ",100%,-,-
605,Shooting the Mafia,"$7,228 ","$7,228 ",100%,-,-
606,Dying to Survive 2019 Re-release,"$6,752 ","$6,752 ",100%,-,-
607,Under the Eiffel Tower,"$6,291 ","$6,291 ",100%,-,-
608,Relaxer,"$6,133 ","$6,133 ",100%,-,-
609,Série noire,"$5,633 ","$5,633 ",100%,-,-
610,The Miracle of the Little Prince,"$5,553 ","$5,553 ",100%,-,-
611,Chokehold,"$5,200 ","$5,200 ",100%,-,-
612,100 Acres of Hell,"$5,152 ","$5,152 ",100%,-,-
613,Body at Brighton Rock,"$5,123 ","$5,123 ",100%,-,-
614,Chulas Fronteras,"$5,021 ","$5,021 ",100%,-,-
615,The Garden,"$5,006 ","$5,006 ",100%,-,-
616,Malek,"$4,898 ","$4,898 ",100%,-,-
617,I'm Leaving Now,"$4,488 ","$4,488 ",100%,-,-
618,SGT. Will Gardner,"$4,405 ","$4,405 ",100%,-,-
619,Tito and the Birds,"$4,332 ","$4,332 ",100%,-,-
620,The Fate of Lee Khan,"$4,295 ","$4,295 ",100%,-,-
621,State Like Sleep,"$4,282 ","$4,282 ",100%,-,-
622,The Gliksmans,"$4,080 ","$4,080 ",100%,-,-
623,La Flor,"$4,032 ","$4,032 ",100%,-,-
624,Mother of a Day,"$3,919 ","$3,919 ",100%,-,-
625,Wallflower,"$3,801 ","$3,801 ",100%,-,-
626,The Wandering Soap Opera,"$3,624 ","$3,624 ",100%,-,-
627,Rottentail,"$3,383 ","$3,383 ",100%,-,-
628,Chasing Portraits,"$3,076 ","$3,076 ",100%,-,-
629,When Lambs Become Lions,"$2,943 ","$2,943 ",100%,-,-
630,The Song of Names,"$2,881 ",-,-,"$2,881 ",100%
631,Back to the Fatherland,"$2,697 ","$2,697 ",100%,-,-
632,Joan the Maid 1: The Battles,"$2,562 ","$2,562 ",100%,-,-
633,TINY: The Life of Erin Blackwell,"$2,465 ","$2,465 ",100%,-,-
634,I Lost Albert 2019 Re-release,"$2,354 ","$2,354 ",100%,-,-
635,Serendipity,"$2,298 ","$2,298 ",100%,-,-
636,Jihadists,"$2,104 ","$2,104 ",100%,-,-
637,A German Youth,"$1,834 ","$1,834 ",100%,-,-
638,Jimi Hendrix Electric Church,"$1,818 ",-,-,"$1,818 ",100%
639,Game Day,"$1,624 ","$1,624 ",100%,-,-
640,The Hours and Times,"$1,273 ","$1,273 ",100%,-,-
641,The Untold Story,$790 ,$790 ,100%,-,-
642,The Portal,$685 ,-,-,$685 ,100%
